id,difficulty
0,C1
1,A1
2,A1
3,A1
4,B1
5,A2
6,B1
7,B2
8,B1
9,B1
10,A1
11,B2
12,B1
13,A1
14,B2
15,C2
16,B2
17,B1
18,B2
19,A1
20,B2
21,C2
22,C2
23,B1
24,A2
25,C2
26,A1
27,A2
28,B1
29,A1
30,C1
31,C1
32,B2
33,C1
34,C2
35,B1
36,B2
37,A1
38,C2
39,C2
40,A1
41,A2
42,A2
43,C1
44,A2
45,C2
46,A1
47,C1
48,C1
49,A2
50,A1
51,B2
52,A1
53,A1
54,C2
55,B1
56,B2
57,C2
58,A2
59,C1
60,A2
61,A2
62,C1
63,C1
64,B1
65,A1
66,C2
67,C1
68,B2
69,C1
70,A1
71,B2
72,C2
73,C1
74,C2
75,C2
76,B2
77,A1
78,B1
79,B1
80,B2
81,A1
82,C2
83,C2
84,B1
85,C2
86,C1
87,B2
88,B2
89,C2
90,A2
91,C2
92,B2
93,B1
94,A2
95,A1
96,A1
97,B1
98,B1
99,C1
100,B2
101,B1
102,A1
103,B2
104,A1
105,C2
106,B1
107,A2
108,B2
109,C1
110,B2
111,C2
112,C1
113,B2
114,B2
115,C2
116,B1
117,B1
118,C1
119,C1
120,C2
121,B2
122,C1
123,A2
124,C1
125,C2
126,A2
127,B2
128,C1
129,A1
130,B2
131,B1
132,B2
133,B1
134,C1
135,C1
136,A2
137,C2
138,C1
139,B2
140,A1
141,A2
142,B2
143,C1
144,C1
145,A1
146,A2
147,C2
148,B2
149,C2
150,A1
151,C2
152,A1
153,A2
154,C2
155,C1
156,A1
157,C2
158,A1
159,C1
160,C2
161,A1
162,C2
163,C1
164,C2
165,C1
166,C2
167,A1
168,A1
169,B2
170,B1
171,A1
172,C1
173,A2
174,C1
175,B1
176,B2
177,A1
178,B2
179,B1
180,C1
181,C1
182,B1
183,C2
184,B2
185,C1
186,B2
187,B2
188,A1
189,B2
190,B2
191,C2
192,C1
193,A1
194,B1
195,A2
196,B1
197,A2
198,C2
199,B1
200,A2
201,A1
202,C2
203,B1
204,B2
205,A1
206,A2
207,A2
208,C1
209,A2
210,B1
211,A1
212,B2
213,B2
214,A2
215,A2
216,B2
217,A1
218,C1
219,C2
220,A1
221,A1
222,A2
223,A2
224,C2
225,B2
226,B2
227,C2
228,C2
229,C2
230,A1
231,B1
232,C2
233,C2
234,B2
235,B2
236,A1
237,B1
238,C2
239,B1
240,B2
241,B2
242,A2
243,B1
244,A1
245,C1
246,C2
247,C2
248,B2
249,A2
250,A2
251,B2
252,C2
253,C1
254,A2
255,C1
256,A1
257,C1
258,A1
259,A2
260,C2
261,A1
262,B1
263,C1
264,C2
265,B2
266,A1
267,C1
268,A1
269,A1
270,A1
271,A1
272,B2
273,B1
274,A2
275,B2
276,C2
277,A2
278,B1
279,A2
280,B2
281,B2
282,A1
283,C1
284,B2
285,A1
286,B1
287,B2
288,C1
289,B1
290,B2
291,C1
292,C2
293,C2
294,C2
295,C2
296,C1
297,C1
298,B1
299,A1
300,C1
301,C1
302,A1
303,C2
304,B2
305,C1
306,A2
307,B1
308,A1
309,B1
310,B2
311,A1
312,C1
313,C2
314,B2
315,B1
316,B1
317,C2
318,A2
319,C2
320,A1
321,C1
322,C1
323,B1
324,A1
325,A1
326,A2
327,B2
328,B1
329,B2
330,B2
331,C2
332,C1
333,A2
334,A1
335,A2
336,C2
337,A1
338,A2
339,C1
340,B2
341,C1
342,B1
343,C1
344,C1
345,A1
346,C1
347,A1
348,A2
349,B2
350,A1
351,A2
352,B1
353,C2
354,C1
355,B2
356,B1
357,C1
358,B1
359,A2
360,A1
361,C2
362,C2
363,C1
364,C2
365,A1
366,B2
367,C2
368,A2
369,B2
370,A1
371,B2
372,C2
373,C2
374,C1
375,B2
376,C2
377,B1
378,A2
379,C2
380,B2
381,C2
382,B2
383,B2
384,A2
385,A1
386,C2
387,B1
388,A1
389,C2
390,C2
391,A1
392,A2
393,A2
394,B2
395,C1
396,C2
397,A2
398,C2
399,C2
400,B2
401,C1
402,C1
403,B2
404,A1
405,B1
406,B1
407,C2
408,B2
409,C1
410,C1
411,C2
412,A2
413,A1
414,C1
415,A2
416,C1
417,A2
418,A1
419,B2
420,C2
421,B2
422,B1
423,A1
424,C1
425,B1
426,B1
427,C2
428,C2
429,A1
430,A2
431,B1
432,C1
433,A1
434,A1
435,A2
436,A1
437,A1
438,B1
439,B2
440,A1
441,B1
442,C1
443,B1
444,B2
445,C2
446,C2
447,C1
448,A1
449,A1
450,A2
451,C2
452,B1
453,B1
454,C1
455,A2
456,A2
457,A2
458,C1
459,A2
460,C1
461,A1
462,C2
463,C1
464,A1
465,C2
466,B2
467,B1
468,B1
469,B1
470,A2
471,A1
472,B1
473,B1
474,A2
475,B1
476,A2
477,A1
478,A1
479,C1
480,A2
481,A2
482,B2
483,C2
484,B1
485,A1
486,C1
487,A2
488,B1
489,C2
490,C2
491,B1
492,A1
493,A2
494,C2
495,A1
496,C1
497,C2
498,C2
499,B1
500,B2
501,C1
502,A1
503,B1
504,B2
505,A2
506,B2
507,C1
508,B1
509,C1
510,B1
511,B1
512,C2
513,C2
514,C1
515,C2
516,C2
517,A1
518,B1
519,C1
520,B1
521,C1
522,A2
523,A2
524,B1
525,A2
526,B1
527,B2
528,A1
529,A1
530,C1
531,C1
532,A2
533,B2
534,C1
535,A2
536,B1
537,C1
538,B2
539,B1
540,A1
541,A1
542,B2
543,B2
544,C2
545,A1
546,B2
547,C2
548,B2
549,A2
550,A2
551,C2
552,A1
553,A1
554,B1
555,B1
556,B2
557,B1
558,A2
559,C1
560,A1
561,A1
562,C2
563,B2
564,C1
565,C1
566,A2
567,C2
568,B1
569,C2
570,A1
571,C1
572,B2
573,C1
574,A1
575,A1
576,A1
577,C2
578,C1
579,A1
580,A1
581,B1
582,B2
583,C1
584,A2
585,A1
586,C1
587,B2
588,A2
589,B2
590,C1
591,C1
592,B2
593,A1
594,A1
595,B2
596,A1
597,A2
598,A1
599,A1
600,C2
601,A1
602,B1
603,B1
604,C1
605,A1
606,A1
607,C2
608,C1
609,A2
610,A1
611,A2
612,B1
613,A1
614,B2
615,C2
616,B2
617,B2
618,A1
619,A1
620,B1
621,A1
622,C1
623,C1
624,B1
625,C2
626,B1
627,A2
628,B2
629,C2
630,A1
631,C2
632,C2
633,A2
634,C2
635,A1
636,A2
637,B1
638,C1
639,A1
640,A2
641,B2
642,C2
643,B2
644,C1
645,A1
646,A2
647,C2
648,C2
649,C2
650,B1
651,A1
652,B1
653,C2
654,C2
655,B2
656,B1
657,B1
658,B2
659,B2
660,C1
661,B1
662,A1
663,B2
664,B2
665,A2
666,C2
667,B2
668,A1
669,B1
670,A2
671,A1
672,B2
673,A1
674,C1
675,B2
676,C1
677,A1
678,A2
679,B1
680,C1
681,A2
682,B2
683,B2
684,A2
685,A1
686,B2
687,A1
688,C2
689,A2
690,B1
691,A1
692,B2
693,C2
694,C2
695,A2
696,C1
697,A2
698,C2
699,A1
700,C2
701,A1
702,B1
703,A2
704,C2
705,B2
706,C1
707,C1
708,B2
709,B2
710,B1
711,C1
712,A1
713,B1
714,C2
715,C2
716,A1
717,C2
718,C2
719,C1
720,C1
721,C1
722,C2
723,B1
724,A2
725,B1
726,C2
727,C1
728,B2
729,B2
730,B1
731,B2
732,C2
733,C1
734,B2
735,B2
736,C2
737,B2
738,C2
739,A2
740,C1
741,C1
742,C1
743,A2
744,C1
745,C1
746,B2
747,B2
748,A1
749,B1
750,C2
751,C1
752,A2
753,B2
754,B2
755,B1
756,A2
757,A2
758,C1
759,B1
760,A1
761,A2
762,A1
763,C2
764,C1
765,C2
766,C1
767,B2
768,A2
769,A1
770,C1
771,A2
772,B2
773,A2
774,C1
775,B2
776,C1
777,B2
778,B1
779,A2
780,B1
781,B1
782,C1
783,B2
784,B1
785,C1
786,A1
787,A1
788,A2
789,B1
790,B1
791,B1
792,B2
793,A2
794,B1
795,A1
796,B1
797,A2
798,A1
799,A2
800,A1
801,B2
802,B1
803,C1
804,B1
805,A1
806,A1
807,A1
808,B1
809,A2
810,C1
811,A2
812,A1
813,B2
814,C2
815,A2
816,A1
817,C2
818,C2
819,B2
820,A1
821,B1
822,B1
823,A1
824,A2
825,C1
826,A1
827,C1
828,B1
829,A2
830,A1
831,C2
832,B1
833,B1
834,C2
835,A2
836,B1
837,A2
838,C1
839,A2
840,B1
841,B1
842,A1
843,A1
844,B1
845,A2
846,C1
847,B2
848,C1
849,C1
850,B1
851,C2
852,A1
853,C1
854,A1
855,C1
856,A1
857,B1
858,A1
859,A2
860,A2
861,A2
862,A2
863,A2
864,A1
865,C2
866,A1
867,B2
868,C2
869,B1
870,A1
871,A2
872,C2
873,C1
874,A1
875,C2
876,C2
877,C2
878,A1
879,C2
880,A2
881,B1
882,B2
883,B1
884,C2
885,A2
886,C1
887,B2
888,A2
889,A1
890,C1
891,C1
892,C1
893,C1
894,B2
895,C2
896,C1
897,C2
898,C1
899,B2
900,B1
901,B2
902,B2
903,B2
904,C1
905,C1
906,B1
907,B1
908,C2
909,B2
910,C1
911,B1
912,A1
913,A2
914,C1
915,C1
916,B2
917,C2
918,A2
919,C1
920,A2
921,A2
922,A2
923,B1
924,B2
925,B2
926,C2
927,A1
928,B1
929,C1
930,A2
931,C1
932,A2
933,A2
934,B1
935,A2
936,A1
937,A1
938,B1
939,C1
940,C2
941,B2
942,C1
943,A2
944,B2
945,B1
946,C1
947,A1
948,B1
949,A2
950,A1
951,A2
952,A1
953,A2
954,A1
955,C1
956,B1
957,C1
958,B2
959,C1
960,A2
961,A1
962,B1
963,B2
964,C1
965,A1
966,B2
967,C2
968,A2
969,C2
970,A2
971,B2
972,A1
973,A1
974,A1
975,B1
976,C2
977,A1
978,A1
979,B1
980,A2
981,B2
982,A2
983,C1
984,B1
985,B1
986,B1
987,B1
988,B2
989,C1
990,C2
991,B1
992,B1
993,B1
994,A1
995,B1
996,B2
997,C1
998,A1
999,C2
1000,B2
1001,B1
1002,C1
1003,C2
1004,C1
1005,C1
1006,A1
1007,A2
1008,B1
1009,A2
1010,B2
1011,A1
1012,C1
1013,B1
1014,C1
1015,B2
1016,C1
1017,B2
1018,A1
1019,B2
1020,C2
1021,B2
1022,C2
1023,A1
1024,C2
1025,B1
1026,B2
1027,C1
1028,C2
1029,B2
1030,C2
1031,C1
1032,A2
1033,B2
1034,B1
1035,C1
1036,B2
1037,B2
1038,B1
1039,A2
1040,C1
1041,B2
1042,C1
1043,B1
1044,B1
1045,C1
1046,A2
1047,A1
1048,C2
1049,B1
1050,C1
1051,B2
1052,C2
1053,A2
1054,C2
1055,B2
1056,C1
1057,B1
1058,C1
1059,B2
1060,C2
1061,C2
1062,A2
1063,A2
1064,C1
1065,B2
1066,B1
1067,B2
1068,B1
1069,B1
1070,B1
1071,A2
1072,A1
1073,A1
1074,B2
1075,C2
1076,C1
1077,B1
1078,C1
1079,B1
1080,C2
1081,C2
1082,B1
1083,B1
1084,B2
1085,A2
1086,C1
1087,B2
1088,A2
1089,A1
1090,C2
1091,C2
1092,B2
1093,C1
1094,C1
1095,B2
1096,A2
1097,B2
1098,C2
1099,B1
1100,C1
1101,A2
1102,C2
1103,A1
1104,B1
1105,A2
1106,B2
1107,B1
1108,A1
1109,B2
1110,B2
1111,A2
1112,C1
1113,A1
1114,C2
1115,C2
1116,B2
1117,C1
1118,A1
1119,A2
1120,B1
1121,C1
1122,C1
1123,A1
1124,C1
1125,B2
1126,A2
1127,B1
1128,C1
1129,B1
1130,A1
1131,A2
1132,C2
1133,A1
1134,C1
1135,A1
1136,A1
1137,C2
1138,B1
1139,B1
1140,B2
1141,C1
1142,A1
1143,A2
1144,B2
1145,A2
1146,B1
1147,A2
1148,A1
1149,A1
1150,A2
1151,C1
1152,C1
1153,A1
1154,C1
1155,C1
1156,B1
1157,A2
1158,C2
1159,C2
1160,C2
1161,C2
1162,C2
1163,B2
1164,B2
1165,C2
1166,B1
1167,A1
1168,B2
1169,B1
1170,C1
1171,A2
1172,C1
1173,C1
1174,A1
1175,C1
1176,C2
1177,C2
1178,B2
1179,C1
1180,C1
1181,A1
1182,C2
1183,A2
1184,B2
1185,C1
1186,C1
1187,B2
1188,A1
1189,A2
1190,C1
1191,A2
1192,C1
1193,A2
1194,A1
1195,C1
1196,A2
1197,B1
1198,C2
1199,C2
1200,B1
1201,A1
1202,B1
1203,C1
1204,B2
1205,C2
1206,B1
1207,A1
1208,A1
1209,A2
1210,C1
1211,A1
1212,B2
1213,B1
1214,B1
1215,A2
1216,C1
1217,A1
1218,B1
1219,C1
1220,B1
1221,B1
1222,C1
1223,B1
1224,B1
1225,B2
1226,A2
1227,C2
1228,A1
1229,B2
1230,B1
1231,B1
1232,A2
1233,C2
1234,A1
1235,A1
1236,A1
1237,A2
1238,C2
1239,A1
1240,C1
1241,A2
1242,C1
1243,A1
1244,B1
1245,B2
1246,C1
1247,C1
1248,C1
1249,C1
1250,C2
1251,B1
1252,C2
1253,A2
1254,C1
1255,B2
1256,B2
1257,C2
1258,A2
1259,B2
1260,C1
1261,B2
1262,B1
1263,A2
1264,C1
1265,B1
1266,A1
1267,C2
1268,B2
1269,B2
1270,B2
1271,A2
1272,A1
1273,B2
1274,C2
1275,A2
1276,B1
1277,A2
1278,C2
1279,C1
1280,B2
1281,B1
1282,B2
1283,C1
1284,A1
1285,B1
1286,C1
1287,C2
1288,C1
1289,C2
1290,C2
1291,B1
1292,A1
1293,C1
1294,C1
1295,C2
1296,C2
1297,C2
1298,B2
1299,C1
1300,B1
1301,C1
1302,A2
1303,B2
1304,B1
1305,A1
1306,A2
1307,A2
1308,C1
1309,B2
1310,B2
1311,B2
1312,A2
1313,A1
1314,C1
1315,B2
1316,C2
1317,C1
1318,C1
1319,B1
1320,C1
1321,C2
1322,A1
1323,B2
1324,A2
1325,B1
1326,C1
1327,B2
1328,C2
1329,B1
1330,A1
1331,C2
1332,C2
1333,C2
1334,C1
1335,A2
1336,A2
1337,A1
1338,B1
1339,A1
1340,C1
1341,B1
1342,B1
1343,A2
1344,A1
1345,B2
1346,C1
1347,A1
1348,A1
1349,A1
1350,B1
1351,C1
1352,B2
1353,B2
1354,C1
1355,B1
1356,B2
1357,C1
1358,B1
1359,C2
1360,C1
1361,B1
1362,C1
1363,B1
1364,A1
1365,C2
1366,B1
1367,C1
1368,A1
1369,B2
1370,A1
1371,A2
1372,B1
1373,B1
1374,C2
1375,A2
1376,B1
1377,B1
1378,C1
1379,B2
1380,B2
1381,C1
1382,C1
1383,C1
1384,A2
1385,B1
1386,B1
1387,C1
1388,B1
1389,C2
1390,A2
1391,B2
1392,A1
1393,A2
1394,A1
1395,C1
1396,B2
1397,A2
1398,C2
1399,A2
1400,A1
1401,B2
1402,A1
1403,C2
1404,B1
1405,C2
1406,C1
1407,A2
1408,C1
1409,A1
1410,C1
1411,C1
1412,C2
1413,C1
1414,A1
1415,C2
1416,A1
1417,C1
1418,B1
1419,B1
1420,C1
1421,B1
1422,A1
1423,B1
1424,C1
1425,B2
1426,B1
1427,C1
1428,A2
1429,B2
1430,B2
1431,C1
1432,B1
1433,A2
1434,C1
1435,A2
1436,C2
1437,C1
1438,B2
1439,B1
1440,B2
1441,C1
1442,A1
1443,B2
1444,A2
1445,A2
1446,A2
1447,A1
1448,A2
1449,B1
1450,C2
1451,C1
1452,C2
1453,C1
1454,A1
1455,B1
1456,C1
1457,A1
1458,A1
1459,C1
1460,C2
1461,B1
1462,A1
1463,B1
1464,B2
1465,C2
1466,A1
1467,C2
1468,A1
1469,C2
1470,B2
1471,C2
1472,B2
1473,B1
1474,B2
1475,B1
1476,B2
1477,B2
1478,B2
1479,C2
1480,B1
1481,C2
1482,A1
1483,B1
1484,A2
1485,C1
1486,B1
1487,C2
1488,B2
1489,A1
1490,C1
1491,A1
1492,B1
1493,C1
1494,A1
1495,B1
1496,B1
1497,A1
1498,C1
1499,C2
1500,A1
1501,B2
1502,B1
1503,A1
1504,C2
1505,A1
1506,B1
1507,A2
1508,C2
1509,C2
1510,A1
1511,A1
1512,A2
1513,B1
1514,B2
1515,C2
1516,C1
1517,A1
1518,A1
1519,A2
1520,C2
1521,B1
1522,B2
1523,C1
1524,A2
1525,B2
1526,B2
1527,A2
1528,A1
1529,C2
1530,A1
1531,C1
1532,C1
1533,C2
1534,B1
1535,A1
1536,C1
1537,B1
1538,B2
1539,A1
1540,C2
1541,B1
1542,A1
1543,A1
1544,B1
1545,C2
1546,A1
1547,C1
1548,B2
1549,A1
1550,A1
1551,C1
1552,A1
1553,A1
1554,A1
1555,B1
1556,A2
1557,B2
1558,A2
1559,B1
1560,A2
1561,C1
1562,B2
1563,C1
1564,A2
1565,C2
1566,C1
1567,B2
1568,C1
1569,A1
1570,A2
1571,A2
1572,C2
1573,C2
1574,B1
1575,C2
1576,C1
1577,C2
1578,B1
1579,C1
1580,B2
1581,B2
1582,A2
1583,C2
1584,A1
1585,A1
1586,A2
1587,A1
1588,C1
1589,B2
1590,B2
1591,B2
1592,A1
1593,B1
1594,B2
1595,B1
1596,A1
1597,A1
1598,C1
1599,C2
1600,A1
1601,B2
1602,B2
1603,B1
1604,C1
1605,B2
1606,B1
1607,C1
1608,B1
1609,C2
1610,B1
1611,B1
1612,C2
1613,B1
1614,B2
1615,B1
1616,A1
1617,C1
1618,C1
1619,C1
1620,A2
1621,C2
1622,C1
1623,B2
1624,A2
1625,A2
1626,A2
1627,C1
1628,C2
1629,B2
1630,A2
1631,C2
1632,B2
1633,C1
1634,B1
1635,A2
1636,C2
1637,A1
1638,B2
1639,A2
1640,A1
1641,B2
1642,A2
1643,A2
1644,C2
1645,A2
1646,A2
1647,A2
1648,C1
1649,C1
1650,B2
1651,C1
1652,B1
1653,C1
1654,B2
1655,A1
1656,A2
1657,A1
1658,B2
1659,C1
1660,C1
1661,A2
1662,B1
1663,A2
1664,C1
1665,C2
1666,C2
1667,B1
1668,B1
1669,B1
1670,A2
1671,B1
1672,C1
1673,A2
1674,A2
1675,A2
1676,C1
1677,C1
1678,C2
1679,B1
1680,A1
1681,B1
1682,C2
1683,C1
1684,A1
1685,B1
1686,B2
1687,B1
1688,C1
1689,A1
1690,A1
1691,B2
1692,C1
1693,B2
1694,A2
1695,A1
1696,B1
1697,C1
1698,A2
1699,A1
1700,B1
1701,B2
1702,C2
1703,A1
1704,B1
1705,B1
1706,B2
1707,B2
1708,C1
1709,A1
1710,B2
1711,C1
1712,C2
1713,C2
1714,C2
1715,A1
1716,A2
1717,C2
1718,B1
1719,B1
1720,B1
1721,B1
1722,B2
1723,C2
1724,A1
1725,C1
1726,C1
1727,B2
1728,C1
1729,B2
1730,C2
1731,C1
1732,B2
1733,B2
1734,B2
1735,A1
1736,C1
1737,B2
1738,B1
1739,A1
1740,C2
1741,B2
1742,A2
1743,A2
1744,A1
1745,C1
1746,C2
1747,B1
1748,A2
1749,A1
1750,C1
1751,A2
1752,C2
1753,C1
1754,A2
1755,C1
1756,C2
1757,A1
1758,C1
1759,B2
1760,A2
1761,C1
1762,C1
1763,C2
1764,B1
1765,A1
1766,B1
1767,A1
1768,A2
1769,A1
1770,B2
1771,B1
1772,A2
1773,A2
1774,A1
1775,A1
1776,C2
1777,C1
1778,B2
1779,B2
1780,A1
1781,B1
1782,A1
1783,B2
1784,C2
1785,B2
1786,B1
1787,A1
1788,A2
1789,C2
1790,C1
1791,B1
1792,C1
1793,B2
1794,B2
1795,B2
1796,B1
1797,B2
1798,C2
1799,A2
1800,A1
1801,B2
1802,A1
1803,A1
1804,B1
1805,A2
1806,C1
1807,C1
1808,B1
1809,C2
1810,C1
1811,C1
1812,B2
1813,A2
1814,B2
1815,B2
1816,A2
1817,A2
1818,B2
1819,A2
1820,A1
1821,A1
1822,B2
1823,A2
1824,A1
1825,C1
1826,A2
1827,C2
1828,C2
1829,C1
1830,C1
1831,B1
1832,C1
1833,C2
1834,B2
1835,B2
1836,C1
1837,A2
1838,C1
1839,B2
1840,A1
1841,C2
1842,B1
1843,B2
1844,B1
1845,A2
1846,B2
1847,C2
1848,B1
1849,C1
1850,B2
1851,C2
1852,C1
1853,B1
1854,A1
1855,B1
1856,A1
1857,B1
1858,B2
1859,C2
1860,B2
1861,C2
1862,B2
1863,C2
1864,A1
1865,A2
1866,C2
1867,A2
1868,A2
1869,B2
1870,A1
1871,C2
1872,C1
1873,A2
1874,A1
1875,B2
1876,B2
1877,A1
1878,A1
1879,C2
1880,C1
1881,A1
1882,A1
1883,C1
1884,A2
1885,C1
1886,C1
1887,C2
1888,C2
1889,B1
1890,C1
1891,A1
1892,B1
1893,C2
1894,B1
1895,A2
1896,C2
1897,C2
1898,A2
1899,C1
1900,B2
1901,A2
1902,B2
1903,C1
1904,C2
1905,B1
1906,B2
1907,A1
1908,A1
1909,B2
1910,C1
1911,A1
1912,C1
1913,B2
1914,B1
1915,B2
1916,C1
1917,C2
1918,B2
1919,A2
1920,C2
1921,B2
1922,A1
1923,C2
1924,B1
1925,C1
1926,C1
1927,B2
1928,A2
1929,B1
1930,A1
1931,A1
1932,B1
1933,B2
1934,B2
1935,B1
1936,B1
1937,B2
1938,A2
1939,A1
1940,C1
1941,A2
1942,A2
1943,C1
1944,B1
1945,A1
1946,B2
1947,C2
1948,B2
1949,A1
1950,B2
1951,C2
1952,A1
1953,A2
1954,A1
1955,B1
1956,A1
1957,A2
1958,C2
1959,C1
1960,B2
1961,C1
1962,B2
1963,A1
1964,C2
1965,C1
1966,B2
1967,B2
1968,C2
1969,C1
1970,A1
1971,C1
1972,B1
1973,B1
1974,B1
1975,C1
1976,A2
1977,C2
1978,C1
1979,B1
1980,A2
1981,C1
1982,C1
1983,C1
1984,B2
1985,B2
1986,B1
1987,A2
1988,B2
1989,B2
1990,A1
1991,B1
1992,A2
1993,C2
1994,C1
1995,B2
1996,B2
1997,C1
1998,A1
1999,C1
2000,B2
2001,B1
2002,A2
2003,C1
2004,B1
2005,C2
2006,C2
2007,B1
2008,A1
2009,A1
2010,A1
2011,B1
2012,A2
2013,A1
2014,A1
2015,A1
2016,B1
2017,A2
2018,A2
2019,A1
2020,C1
2021,C2
2022,C2
2023,A2
2024,B1
2025,C1
2026,B1
2027,A1
2028,A1
2029,C1
2030,C1
2031,A1
2032,A2
2033,C1
2034,B2
2035,C1
2036,C2
2037,C1
2038,A2
2039,C1
2040,C2
2041,A1
2042,C1
2043,B1
2044,C1
2045,A1
2046,C1
2047,B2
2048,B1
2049,A2
2050,C2
2051,B2
2052,A1
2053,A1
2054,B1
2055,A2
2056,C1
2057,B2
2058,B2
2059,C2
2060,B2
2061,C1
2062,B2
2063,C2
2064,B1
2065,C2
2066,B1
2067,C1
2068,A1
2069,B1
2070,C1
2071,B2
2072,C2
2073,C2
2074,A2
2075,A2
2076,C2
2077,A2
2078,B1
2079,C2
2080,A1
2081,C1
2082,B1
2083,A2
2084,B2
2085,A1
2086,C2
2087,A1
2088,B1
2089,C1
2090,C2
2091,A1
2092,B1
2093,B1
2094,C1
2095,A2
2096,A2
2097,B1
2098,B2
2099,C2
2100,C1
2101,C2
2102,A1
2103,A1
2104,C2
2105,C2
2106,A1
2107,B2
2108,B1
2109,A1
2110,A1
2111,B1
2112,A2
2113,C1
2114,A1
2115,C1
2116,C2
2117,C1
2118,C2
2119,A2
2120,A1
2121,B2
2122,B2
2123,C2
2124,B1
2125,B2
2126,B2
2127,B1
2128,A2
2129,B1
2130,A1
2131,B2
2132,C1
2133,C2
2134,A1
2135,A2
2136,A1
2137,B1
2138,A2
2139,C1
2140,B1
2141,C2
2142,B2
2143,C2
2144,C1
2145,B2
2146,C1
2147,A1
2148,A1
2149,A1
2150,A2
2151,B2
2152,C1
2153,A1
2154,C2
2155,C2
2156,B1
2157,C1
2158,C1
2159,C2
2160,B2
2161,C1
2162,A2
2163,B2
2164,C1
2165,C2
2166,B2
2167,C1
2168,A2
2169,C1
2170,B1
2171,C1
2172,A2
2173,B2
2174,A1
2175,A2
2176,C2
2177,B2
2178,C1
2179,A1
2180,C2
2181,C2
2182,A1
2183,C2
2184,C2
2185,C1
2186,B2
2187,C1
2188,B1
2189,B1
2190,B1
2191,B2
2192,B2
2193,B1
2194,C1
2195,C1
2196,C2
2197,C2
2198,A2
2199,B1
2200,B2
2201,B2
2202,B1
2203,B1
2204,B1
2205,B2
2206,A2
2207,A2
2208,B2
2209,C1
2210,B2
2211,A1
2212,A1
2213,C2
2214,C2
2215,B2
2216,A2
2217,C2
2218,B1
2219,C2
2220,C1
2221,A2
2222,C2
2223,C1
2224,A2
2225,B1
2226,A1
2227,B2
2228,C1
2229,B2
2230,C2
2231,B1
2232,C2
2233,B2
2234,C1
2235,A1
2236,A2
2237,B2
2238,C1
2239,B2
2240,B2
2241,B1
2242,B1
2243,B1
2244,B2
2245,B1
2246,C2
2247,A1
2248,A1
2249,B1
2250,C1
2251,A2
2252,B2
2253,C2
2254,B2
2255,C1
2256,C2
2257,A1
2258,C1
2259,C1
2260,C2
2261,C1
2262,C1
2263,A1
2264,A1
2265,B2
2266,B2
2267,B1
2268,A1
2269,C2
2270,C1
2271,A1
2272,A2
2273,B1
2274,A1
2275,B1
2276,B1
2277,C1
2278,C2
2279,A2
2280,B1
2281,C1
2282,B1
2283,B2
2284,B1
2285,A1
2286,C2
2287,B2
2288,A2
2289,C2
2290,A1
2291,B1
2292,B1
2293,C1
2294,C1
2295,A2
2296,B1
2297,A1
2298,A1
2299,C1
2300,C2
2301,C2
2302,A1
2303,C2
2304,C1
2305,C2
2306,A1
2307,C1
2308,C2
2309,A1
2310,C1
2311,C1
2312,B2
2313,C1
2314,B2
2315,A1
2316,C2
2317,B2
2318,C1
2319,C1
2320,B1
2321,B1
2322,A2
2323,A1
2324,B2
2325,C1
2326,C2
2327,C1
2328,C2
2329,C2
2330,A1
2331,C1
2332,A1
2333,B1
2334,B1
2335,C2
2336,B1
2337,A1
2338,B2
2339,C2
2340,C1
2341,C1
2342,B2
2343,C2
2344,C2
2345,A1
2346,B1
2347,B2
2348,A1
2349,C2
2350,B2
2351,B1
2352,C2
2353,B1
2354,B1
2355,B1
2356,B2
2357,A1
2358,B1
2359,C2
2360,B1
2361,C1
2362,C1
2363,A1
2364,A1
2365,B2
2366,B2
2367,A2
2368,A1
2369,B1
2370,C2
2371,C1
2372,A1
2373,B1
2374,C1
2375,A1
2376,A2
2377,B1
2378,B1
2379,B2
2380,B1
2381,A2
2382,C2
2383,A1
2384,B2
2385,C1
2386,C1
2387,C2
2388,C2
2389,C2
2390,C2
2391,B2
2392,A1
2393,B1
2394,A2
2395,A1
2396,C2
2397,A2
2398,C2
2399,B1
2400,C2
2401,B2
2402,C1
2403,A1
2404,C1
2405,A2
2406,B2
2407,B2
2408,A1
2409,B2
2410,B1
2411,C1
2412,B1
2413,C1
2414,B2
2415,B1
2416,B2
2417,B1
2418,C2
2419,B1
2420,A1
2421,A1
2422,C1
2423,B1
2424,A2
2425,B1
2426,C2
2427,B1
2428,A1
2429,C2
2430,B1
2431,B1
2432,B1
2433,C1
2434,A1
2435,C1
2436,A1
2437,A1
2438,B2
2439,A1
2440,A2
2441,C2
2442,B1
2443,B1
2444,A2
2445,A1
2446,C1
2447,B2
2448,B2
2449,B1
2450,C1
2451,B2
2452,A1
2453,B1
2454,C2
2455,A2
2456,A1
2457,A2
2458,C2
2459,B1
2460,A1
2461,A1
2462,C1
2463,B1
2464,A1
2465,B1
2466,B1
2467,B2
2468,C1
2469,A2
2470,A1
2471,B2
2472,A2
2473,A1
2474,C2
2475,C2
2476,C1
2477,A1
2478,B1
2479,B1
2480,B1
2481,B2
2482,C1
2483,B1
2484,C1
2485,A2
2486,C1
2487,B1
2488,C1
2489,C1
2490,B2
2491,C2
2492,A2
2493,A2
2494,A1
2495,A2
2496,C2
2497,C1
2498,C2
2499,A2
2500,B1
2501,B1
2502,C2
2503,C1
2504,C2
2505,C1
2506,A2
2507,C2
2508,C1
2509,B1
2510,B1
2511,A1
2512,B1
2513,A1
2514,B2
2515,A2
2516,A2
2517,B2
2518,B1
2519,A2
2520,A2
2521,B1
2522,A2
2523,C1
2524,B1
2525,C1
2526,A1
2527,A2
2528,B2
2529,A1
2530,C2
2531,C1
2532,C2
2533,B1
2534,B1
2535,C1
2536,B1
2537,B2
2538,C1
2539,C1
2540,A1
2541,C2
2542,A1
2543,A2
2544,C1
2545,A2
2546,C1
2547,B1
2548,A2
2549,C2
2550,C1
2551,B2
2552,A1
2553,C2
2554,B1
2555,B1
2556,A1
2557,C1
2558,A1
2559,C1
2560,C2
2561,B2
2562,A2
2563,B1
2564,C1
2565,A1
2566,C1
2567,C1
2568,A2
2569,A2
2570,B2
2571,A2
2572,C2
2573,C1
2574,B1
2575,C1
2576,B2
2577,B1
2578,C2
2579,C1
2580,A2
2581,C2
2582,C2
2583,C1
2584,A1
2585,C1
2586,B2
2587,A2
2588,C1
2589,A1
2590,B1
2591,B2
2592,B1
2593,C2
2594,A2
2595,B2
2596,C1
2597,B1
2598,B1
2599,A2
2600,B2
2601,C1
2602,A1
2603,B1
2604,C1
2605,C2
2606,B1
2607,B1
2608,C1
2609,C1
2610,B1
2611,A1
2612,A1
2613,B2
2614,B2
2615,C2
2616,A1
2617,A2
2618,C1
2619,C2
2620,B1
2621,A1
2622,B2
2623,B1
2624,A2
2625,C2
2626,A1
2627,C1
2628,B2
2629,C1
2630,B2
2631,B2
2632,C1
2633,B2
2634,C2
2635,B1
2636,C2
2637,C2
2638,A2
2639,A1
2640,C2
2641,A1
2642,B2
2643,B1
2644,A2
2645,A1
2646,C2
2647,C2
2648,C1
2649,A2
2650,C2
2651,A1
2652,A1
2653,A2
2654,C1
2655,A1
2656,C1
2657,B1
2658,B2
2659,C1
2660,A1
2661,B2
2662,C2
2663,A1
2664,B1
2665,A1
2666,B2
2667,B2
2668,C1
2669,C2
2670,A1
2671,B2
2672,C1
2673,B2
2674,C2
2675,A2
2676,C1
2677,B1
2678,C1
2679,B1
2680,A2
2681,B2
2682,B1
2683,B1
2684,A2
2685,B1
2686,B1
2687,A1
2688,A2
2689,A1
2690,B1
2691,B2
2692,C1
2693,B2
2694,C2
2695,A1
2696,B2
2697,C2
2698,C1
2699,A2
2700,A1
2701,B2
2702,B1
2703,B1
2704,C1
2705,C2
2706,C1
2707,C2
2708,B2
2709,B2
2710,A1
2711,A2
2712,B1
2713,A1
2714,A1
2715,A2
2716,B2
2717,C2
2718,B2
2719,A1
2720,C1
2721,B1
2722,C1
2723,C2
2724,B2
2725,C2
2726,C2
2727,C2
2728,C1
2729,C2
2730,A1
2731,A1
2732,B1
2733,B2
2734,A1
2735,C1
2736,C2
2737,A1
2738,A2
2739,B2
2740,A2
2741,A2
2742,B1
2743,A2
2744,A1
2745,A2
2746,A1
2747,C2
2748,C1
2749,A1
2750,C2
2751,A1
2752,C1
2753,B1
2754,A2
2755,B2
2756,B1
2757,C1
2758,A2
2759,A1
2760,B2
2761,A1
2762,B1
2763,B2
2764,B2
2765,A2
2766,A2
2767,A2
2768,A1
2769,C1
2770,C1
2771,B1
2772,C2
2773,C1
2774,C1
2775,C1
2776,A1
2777,B2
2778,A1
2779,A1
2780,B2
2781,C2
2782,C2
2783,A2
2784,C2
2785,B2
2786,B2
2787,A2
2788,A2
2789,A2
2790,A2
2791,B2
2792,B1
2793,C2
2794,C1
2795,B1
2796,C2
2797,B2
2798,C1
2799,A2
2800,A1
2801,C1
2802,B2
2803,B2
2804,A1
2805,A2
2806,A1
2807,B2
2808,B2
2809,B1
2810,A2
2811,B2
2812,C1
2813,C1
2814,A2
2815,C2
2816,A1
2817,C1
2818,A2
2819,B1
2820,C1
2821,A1
2822,B1
2823,C2
2824,A2
2825,C2
2826,A2
2827,C1
2828,B2
2829,A2
2830,B2
2831,A2
2832,A2
2833,B1
2834,A2
2835,C2
2836,C2
2837,A1
2838,A1
2839,B2
2840,B1
2841,C1
2842,B1
2843,B2
2844,A1
2845,C1
2846,C1
2847,B2
2848,A2
2849,C2
2850,A2
2851,A1
2852,C1
2853,A2
2854,A1
2855,B1
2856,A2
2857,B1
2858,A1
2859,C2
2860,A1
2861,A1
2862,A2
2863,A2
2864,A2
2865,B2
2866,B1
2867,A1
2868,C2
2869,B2
2870,B2
2871,C1
2872,C2
2873,B2
2874,A2
2875,C1
2876,A2
2877,B2
2878,B1
2879,C1
2880,B2
2881,B2
2882,C2
2883,B2
2884,A2
2885,B1
2886,C2
2887,B1
2888,C1
2889,C1
2890,C1
2891,A2
2892,C2
2893,A1
2894,B1
2895,C2
2896,A1
2897,C2
2898,A2
2899,C1
2900,A2
2901,A2
2902,B1
2903,A2
2904,B2
2905,B1
2906,B1
2907,B2
2908,B2
2909,A1
2910,B1
2911,A2
2912,A1
2913,A1
2914,C1
2915,C1
2916,C1
2917,A1
2918,B1
2919,C1
2920,A2
2921,A2
2922,B1
2923,B2
2924,B2
2925,C2
2926,C2
2927,B1
2928,C2
2929,B1
2930,B2
2931,A1
2932,B1
2933,B2
2934,A2
2935,C1
2936,B1
2937,C2
2938,B2
2939,C2
2940,B1
2941,B1
2942,A2
2943,B1
2944,A2
2945,B2
2946,A1
2947,C1
2948,C2
2949,B1
2950,B1
2951,B1
2952,C2
2953,B2
2954,A2
2955,C2
2956,C2
2957,B1
2958,C1
2959,B2
2960,B1
2961,B1
2962,A1
2963,A1
2964,B2
2965,C1
2966,A1
2967,B2
2968,A1
2969,A1
2970,B1
2971,C2
2972,A2
2973,B1
2974,B1
2975,B1
2976,B1
2977,B2
2978,C2
2979,A1
2980,A2
2981,B2
2982,C2
2983,B1
2984,C1
2985,A1
2986,C1
2987,C1
2988,B2
2989,A1
2990,A2
2991,A1
2992,A2
2993,A1
2994,B2
2995,C1
2996,C1
2997,B2
2998,B1
2999,C1
3000,B1
3001,B2
3002,B1
3003,B1
3004,A1
3005,B1
3006,C2
3007,B2
3008,B1
3009,B1
3010,A1
3011,A1
3012,C1
3013,B1
3014,C1
3015,B1
3016,C2
3017,C1
3018,B2
3019,B1
3020,A2
3021,A1
3022,B1
3023,C2
3024,A1
3025,B1
3026,B1
3027,A2
3028,B1
3029,A2
3030,C1
3031,C1
3032,C1
3033,B1
3034,A1
3035,A1
3036,C1
3037,B1
3038,C1
3039,A1
3040,B2
3041,B2
3042,B2
3043,C1
3044,B2
3045,B1
3046,C2
3047,C1
3048,C1
3049,B1
3050,B1
3051,C1
3052,B2
3053,C1
3054,C2
3055,A2
3056,C1
3057,C2
3058,C2
3059,A2
3060,A1
3061,C1
3062,C1
3063,B1
3064,B2
3065,B1
3066,B1
3067,C2
3068,B1
3069,C2
3070,A2
3071,C1
3072,A1
3073,C1
3074,C2
3075,C2
3076,A1
3077,C1
3078,A1
3079,C1
3080,B2
3081,A1
3082,A1
3083,C1
3084,A2
3085,C2
3086,A2
3087,C2
3088,A2
3089,B1
3090,C1
3091,C1
3092,C2
3093,A1
3094,C2
3095,A2
3096,A1
3097,B1
3098,B2
3099,B2
3100,A1
3101,A2
3102,B2
3103,B1
3104,B1
3105,B2
3106,C1
3107,A1
3108,C2
3109,A1
3110,C1
3111,C1
3112,A1
3113,C2
3114,A1
3115,B1
3116,A2
3117,C2
3118,B1
3119,C1
3120,B2
3121,B1
3122,C1
3123,B2
3124,C2
3125,A2
3126,A1
3127,B2
3128,B1
3129,A1
3130,C2
3131,A1
3132,B1
3133,A1
3134,A1
3135,A1
3136,C1
3137,C1
3138,A1
3139,C2
3140,C1
3141,A1
3142,B1
3143,A1
3144,A1
3145,C2
3146,C1
3147,C1
3148,A1
3149,B2
3150,C1
3151,A1
3152,A2
3153,B1
3154,C1
3155,B1
3156,C1
3157,B1
3158,B2
3159,C1
3160,C2
3161,C2
3162,C2
3163,A1
3164,C1
3165,C1
3166,A1
3167,C1
3168,A2
3169,B1
3170,C2
3171,B2
3172,B1
3173,B1
3174,B2
3175,C1
3176,B1
3177,B1
3178,B2
3179,B2
3180,C1
3181,B2
3182,A1
3183,A1
3184,A2
3185,C2
3186,C1
3187,B2
3188,C2
3189,B2
3190,A1
3191,B1
3192,A1
3193,B1
3194,C2
3195,B2
3196,A1
3197,A1
3198,C2
3199,A2
3200,B2
3201,C2
3202,B2
3203,A2
3204,A2
3205,C1
3206,A2
3207,A1
3208,B2
3209,B1
3210,B1
3211,A2
3212,C1
3213,A1
3214,A1
3215,A2
3216,B1
3217,C1
3218,C1
3219,B1
3220,B1
3221,C1
3222,B2
3223,B2
3224,B2
3225,A2
3226,C1
3227,B1
3228,B2
3229,C2
3230,A1
3231,A2
3232,C1
3233,C2
3234,A2
3235,A1
3236,A2
3237,A1
3238,C1
3239,A1
3240,B1
3241,C1
3242,C2
3243,B2
3244,C2
3245,C2
3246,B1
3247,B2
3248,B1
3249,C2
3250,C1
3251,A2
3252,A2
3253,A1
3254,C2
3255,C1
3256,A2
3257,B2
3258,A1
3259,A2
3260,B2
3261,B1
3262,C1
3263,C1
3264,A2
3265,A1
3266,B1
3267,C2
3268,B2
3269,A1
3270,A2
3271,C1
3272,B2
3273,A1
3274,B2
3275,B1
3276,A1
3277,A2
3278,B1
3279,A1
3280,C1
3281,B1
3282,C1
3283,A2
3284,C2
3285,B2
3286,A1
3287,A1
3288,A1
3289,B2
3290,C1
3291,A1
3292,B1
3293,B2
3294,B2
3295,C2
3296,A1
3297,B2
3298,A1
3299,A2
3300,A1
3301,A1
3302,B1
3303,B1
3304,C2
3305,C1
3306,B1
3307,C1
3308,A2
3309,B2
3310,B2
3311,C2
3312,C2
3313,C2
3314,C2
3315,B1
3316,A1
3317,A2
3318,A1
3319,C1
3320,C2
3321,C2
3322,C2
3323,C2
3324,A1
3325,A1
3326,B1
3327,C2
3328,C2
3329,C1
3330,C2
3331,C2
3332,C2
3333,B2
3334,C2
3335,C2
3336,C2
3337,C1
3338,A2
3339,C2
3340,A1
3341,C1
3342,A2
3343,C1
3344,C1
3345,B1
3346,C1
3347,A1
3348,A1
3349,C1
3350,A1
3351,C2
3352,A1
3353,B1
3354,B2
3355,A2
3356,B1
3357,C1
3358,B1
3359,C2
3360,C1
3361,C1
3362,B2
3363,A1
3364,C2
3365,C1
3366,A2
3367,C1
3368,B1
3369,B2
3370,A1
3371,C1
3372,B1
3373,A1
3374,A2
3375,B1
3376,A1
3377,A2
3378,C1
3379,B1
3380,B1
3381,C2
3382,B1
3383,B2
3384,B1
3385,A1
3386,B1
3387,B1
3388,A1
3389,A2
3390,B2
3391,A2
3392,A2
3393,C2
3394,B1
3395,C1
3396,C2
3397,C1
3398,A1
3399,A2
3400,C1
3401,B1
3402,B1
3403,B1
3404,C2
3405,B2
3406,B2
3407,B2
3408,B2
3409,C2
3410,B1
3411,C2
3412,B1
3413,B1
3414,C1
3415,B1
3416,C2
3417,B2
3418,B1
3419,C1
3420,C2
3421,B2
3422,B1
3423,C2
3424,A1
3425,B1
3426,A1
3427,A2
3428,A2
3429,A1
3430,B1
3431,B1
3432,C2
3433,A2
3434,B1
3435,C2
3436,C1
3437,A1
3438,B1
3439,B2
3440,B1
3441,B1
3442,B1
3443,A1
3444,B2
3445,B2
3446,C2
3447,B2
3448,B2
3449,C1
3450,C1
3451,A2
3452,C2
3453,A2
3454,C1
3455,A2
3456,A2
3457,C1
3458,B2
3459,B1
3460,B2
3461,A1
3462,B2
3463,B1
3464,C2
3465,B1
3466,B2
3467,C1
3468,B2
3469,B2
3470,C2
3471,B2
3472,A1
3473,C1
3474,C1
3475,A1
3476,A1
3477,A2
3478,C1
3479,C1
3480,B2
3481,C1
3482,A2
3483,B2
3484,B2
3485,C2
3486,B2
3487,A2
3488,B2
3489,B2
3490,C1
3491,C1
3492,C2
3493,A1
3494,B1
3495,B2
3496,C1
3497,C1
3498,B1
3499,B2
3500,A2
3501,B2
3502,A1
3503,C2
3504,C1
3505,C1
3506,B1
3507,C1
3508,A1
3509,B1
3510,A1
3511,A1
3512,A1
3513,A1
3514,A1
3515,C1
3516,C2
3517,C2
3518,A1
3519,A1
3520,A2
3521,A1
3522,C2
3523,A1
3524,A1
3525,B2
3526,B2
3527,A2
3528,A1
3529,B2
3530,A2
3531,A2
3532,A2
3533,C2
3534,C2
3535,A1
3536,A2
3537,B2
3538,A1
3539,B2
3540,B2
3541,A2
3542,C2
3543,B1
3544,B1
3545,B1
3546,A1
3547,C2
3548,C2
3549,C2
3550,C2
3551,A1
3552,A2
3553,B2
3554,B2
3555,C1
3556,B1
3557,B2
3558,C1
3559,A2
3560,C2
3561,B2
3562,C2
3563,C1
3564,C1
3565,A1
3566,C2
3567,C1
3568,B2
3569,B2
3570,B2
3571,A1
3572,B1
3573,C1
3574,C2
3575,A1
3576,B1
3577,B2
3578,B1
3579,C2
3580,A1
3581,C1
3582,A2
3583,B2
3584,A1
3585,A1
3586,B2
3587,A1
3588,C2
3589,A2
3590,B2
3591,A2
3592,C2
3593,A2
3594,B2
3595,A1
3596,B1
3597,C1
3598,C1
3599,C2
3600,A1
3601,C1
3602,C2
3603,B1
3604,A1
3605,C2
3606,B1
3607,C2
3608,B1
3609,B1
3610,C1
3611,B2
3612,C2
3613,B1
3614,B1
3615,A1
3616,B2
3617,B2
3618,C2
3619,C2
3620,C1
3621,B1
3622,B2
3623,B1
3624,B2
3625,C1
3626,C1
3627,B1
3628,C1
3629,C1
3630,A2
3631,B2
3632,B2
3633,B1
3634,C1
3635,C1
3636,C2
3637,B1
3638,B2
3639,C1
3640,A1
3641,C1
3642,C2
3643,C2
3644,A2
3645,B2
3646,A1
3647,A1
3648,C1
3649,B2
3650,A2
3651,B1
3652,B2
3653,A2
3654,B2
3655,C2
3656,A1
3657,A2
3658,C2
3659,B1
3660,B2
3661,A1
3662,B2
3663,A1
3664,A2
3665,B1
3666,C1
3667,C2
3668,C2
3669,A1
3670,B2
3671,B1
3672,C2
3673,C1
3674,C1
3675,A1
3676,B1
3677,C1
3678,C1
3679,C2
3680,C1
3681,C2
3682,C2
3683,C2
3684,C1
3685,B1
3686,B2
3687,C1
3688,C1
3689,B1
3690,B1
3691,A2
3692,A1
3693,A1
3694,A1
3695,C2
3696,A2
3697,B2
3698,B2
3699,A1
3700,C2
3701,B1
3702,C2
3703,C2
3704,C1
3705,A1
3706,B1
3707,A1
3708,C1
3709,A2
3710,C2
3711,A2
3712,A1
3713,C1
3714,C1
3715,B1
3716,A1
3717,A1
3718,B1
3719,A1
3720,A2
3721,C2
3722,C1
3723,C1
3724,B1
3725,B1
3726,C2
3727,B1
3728,A1
3729,C2
3730,A1
3731,B1
3732,C2
3733,C1
3734,C1
3735,A2
3736,C2
3737,C1
3738,C1
3739,B1
3740,A2
3741,B2
3742,B2
3743,A1
3744,C1
3745,A2
3746,C2
3747,A2
3748,C2
3749,C2
3750,B1
3751,B1
3752,A2
3753,B1
3754,B1
3755,C2
3756,B2
3757,A1
3758,C2
3759,B2
3760,C2
3761,A1
3762,A1
3763,C2
3764,C2
3765,B1
3766,A2
3767,A1
3768,C1
3769,B2
3770,A2
3771,A1
3772,A1
3773,B2
3774,C1
3775,B1
3776,C1
3777,B2
3778,C1
3779,B1
3780,B2
3781,C2
3782,B1
3783,A1
3784,A2
3785,C2
3786,B1
3787,A1
3788,C1
3789,B1
3790,B1
3791,C1
3792,A2
3793,A1
3794,B2
3795,B1
3796,A1
3797,C2
3798,C2
3799,A1
3800,C1
3801,C2
3802,B2
3803,B2
3804,B2
3805,B1
3806,A1
3807,C1
3808,A1
3809,A1
3810,C2
3811,C2
3812,B2
3813,C1
3814,B2
3815,B2
3816,C2
3817,B2
3818,B1
3819,A1
3820,C2
3821,A1
3822,C2
3823,B1
3824,B1
3825,C1
3826,C2
3827,C1
3828,B1
3829,A2
3830,C1
3831,A1
3832,B2
3833,A2
3834,A1
3835,B2
3836,C2
3837,A2
3838,B2
3839,A2
3840,C1
3841,B1
3842,C2
3843,A1
3844,A1
3845,C1
3846,B2
3847,C1
3848,B2
3849,A2
3850,A1
3851,A1
3852,B1
3853,A2
3854,B2
3855,B2
3856,C2
3857,A1
3858,B1
3859,A1
3860,C1
3861,B2
3862,C1
3863,C2
3864,B1
3865,A1
3866,C1
3867,B1
3868,C1
3869,B2
3870,B1
3871,B1
3872,A1
3873,A1
3874,B2
3875,C2
3876,C1
3877,C1
3878,A2
3879,A2
3880,B2
3881,C2
3882,C1
3883,C2
3884,B2
3885,A2
3886,A2
3887,B2
3888,A2
3889,C2
3890,B1
3891,B2
3892,B2
3893,A1
3894,B1
3895,A2
3896,C2
3897,B1
3898,B1
3899,B2
3900,A2
3901,C1
3902,A1
3903,C2
3904,A1
3905,C1
3906,C2
3907,B1
3908,A2
3909,B1
3910,C1
3911,C1
3912,C2
3913,C2
3914,B1
3915,C2
3916,C1
3917,B1
3918,C1
3919,A1
3920,B2
3921,C1
3922,C2
3923,A2
3924,C1
3925,C1
3926,C2
3927,C2
3928,C1
3929,B1
3930,A1
3931,C1
3932,C1
3933,A1
3934,A1
3935,B2
3936,B1
3937,C2
3938,C1
3939,A2
3940,C1
3941,C1
3942,B1
3943,C2
3944,A1
3945,A2
3946,B1
3947,C1
3948,C2
3949,B2
3950,A1
3951,A1
3952,A1
3953,C2
3954,C2
3955,C1
3956,B2
3957,A2
3958,C2
3959,A1
3960,A1
3961,B1
3962,B2
3963,A1
3964,B2
3965,A2
3966,B1
3967,B2
3968,A1
3969,A2
3970,A1
3971,C2
3972,B1
3973,A2
3974,A1
3975,A1
3976,A1
3977,B1
3978,A2
3979,C1
3980,B2
3981,B1
3982,C1
3983,A1
3984,A1
3985,B1
3986,B1
3987,A1
3988,B2
3989,C1
3990,C2
3991,A2
3992,B2
3993,C2
3994,C2
3995,C2
3996,C1
3997,B2
3998,C1
3999,B2
4000,A2
4001,C1
4002,B2
4003,A2
4004,C2
4005,A2
4006,C2
4007,B1
4008,C2
4009,B2
4010,C1
4011,C1
4012,B1
4013,C2
4014,C2
4015,B1
4016,B2
4017,C1
4018,C2
4019,C2
4020,A2
4021,B2
4022,C1
4023,C1
4024,A2
4025,A1
4026,A1
4027,B2
4028,C2
4029,C1
4030,A1
4031,B1
4032,B1
4033,B1
4034,A1
4035,A1
4036,C2
4037,C1
4038,B2
4039,A1
4040,B2
4041,A2
4042,B1
4043,B1
4044,C1
4045,C2
4046,A1
4047,B1
4048,B2
4049,C1
4050,A1
4051,A2
4052,C2
4053,C2
4054,C2
4055,A2
4056,B1
4057,B2
4058,B2
4059,C1
4060,A1
4061,B1
4062,B1
4063,C1
4064,B2
4065,B2
4066,C2
4067,B2
4068,B2
4069,B1
4070,A2
4071,A2
4072,A2
4073,C1
4074,B2
4075,A1
4076,B1
4077,B2
4078,B2
4079,C1
4080,C2
4081,C1
4082,B1
4083,B2
4084,B2
4085,A2
4086,A2
4087,B2
4088,C2
4089,C1
4090,B2
4091,C2
4092,C2
4093,A2
4094,B1
4095,A2
4096,C2
4097,C2
4098,C2
4099,B1
4100,C1
4101,C1
4102,B2
4103,B2
4104,A2
4105,C1
4106,C1
4107,B2
4108,A2
4109,A2
4110,C1
4111,B1
4112,C1
4113,C1
4114,C2
4115,C2
4116,A2
4117,C1
4118,B2
4119,C1
4120,C2
4121,C2
4122,B2
4123,C1
4124,C1
4125,B1
4126,C1
4127,A2
4128,C1
4129,B2
4130,A2
4131,B2
4132,A2
4133,C2
4134,C1
4135,A1
4136,C2
4137,C1
4138,A2
4139,A1
4140,C1
4141,B1
4142,B2
4143,B1
4144,A1
4145,C2
4146,A2
4147,A2
4148,A1
4149,B2
4150,B1
4151,B1
4152,B1
4153,A1
4154,C2
4155,A1
4156,A1
4157,A2
4158,A1
4159,C1
4160,B1
4161,B2
4162,B2
4163,C2
4164,C2
4165,B1
4166,A2
4167,C2
4168,C1
4169,B1
4170,B2
4171,C1
4172,B2
4173,A1
4174,A2
4175,A1
4176,B1
4177,A2
4178,C2
4179,B1
4180,B1
4181,A1
4182,B2
4183,A2
4184,C1
4185,A1
4186,C1
4187,B2
4188,A2
4189,C1
4190,A2
4191,A1
4192,B1
4193,B1
4194,C2
4195,B1
4196,A2
4197,C2
4198,C1
4199,A2
4200,C2
4201,B2
4202,B2
4203,A2
4204,A2
4205,C2
4206,B1
4207,C2
4208,B2
4209,A2
4210,B1
4211,A1
4212,A1
4213,C2
4214,B1
4215,C1
4216,B2
4217,B1
4218,C1
4219,A2
4220,C2
4221,A1
4222,A1
4223,B2
4224,B1
4225,A2
4226,A2
4227,A1
4228,C2
4229,A2
4230,C1
4231,C2
4232,B2
4233,B1
4234,B2
4235,A1
4236,B1
4237,B2
4238,C2
4239,B1
4240,A1
4241,B1
4242,A1
4243,B2
4244,B2
4245,A1
4246,B1
4247,C1
4248,B1
4249,A1
4250,B1
4251,B2
4252,C2
4253,C1
4254,B2
4255,C1
4256,C2
4257,C2
4258,A1
4259,C1
4260,B1
4261,C1
4262,B1
4263,C1
4264,B2
4265,B2
4266,C1
4267,A1
4268,A1
4269,A2
4270,A1
4271,B2
4272,A2
4273,B1
4274,B1
4275,B2
4276,A1
4277,B2
4278,C2
4279,B2
4280,C2
4281,B1
4282,A2
4283,B1
4284,A1
4285,C2
4286,C1
4287,B2
4288,B2
4289,C2
4290,C1
4291,C1
4292,C1
4293,C2
4294,C1
4295,A2
4296,A1
4297,C1
4298,C2
4299,B2
4300,A1
4301,A2
4302,A1
4303,B2
4304,B1
4305,A1
4306,B1
4307,A2
4308,A2
4309,C1
4310,A1
4311,A2
4312,A1
4313,C1
4314,A1
4315,C1
4316,A2
4317,B1
4318,A1
4319,C2
4320,A2
4321,A1
4322,A1
4323,A2
4324,B1
4325,B1
4326,B2
4327,A1
4328,B1
4329,C1
4330,B1
4331,C1
4332,A2
4333,C2
4334,B1
4335,B2
4336,B2
4337,C2
4338,C1
4339,A1
4340,B2
4341,A2
4342,C2
4343,B1
4344,C2
4345,C1
4346,A2
4347,B2
4348,C2
4349,B1
4350,B2
4351,C2
4352,A2
4353,B1
4354,C2
4355,B1
4356,B1
4357,C1
4358,A1
4359,B2
4360,B1
4361,B2
4362,B1
4363,C1
4364,C1
4365,A2
4366,B1
4367,C2
4368,A2
4369,C1
4370,C1
4371,B1
4372,A2
4373,C2
4374,C1
4375,C2
4376,C2
4377,B1
4378,C1
4379,C2
4380,C1
4381,B2
4382,B1
4383,C2
4384,B2
4385,C1
4386,A2
4387,C1
4388,C1
4389,C1
4390,C1
4391,B1
4392,B1
4393,B1
4394,A2
4395,B1
4396,B1
4397,B1
4398,A1
4399,A2
4400,B1
4401,C2
4402,C2
4403,C2
4404,B1
4405,A1
4406,B1
4407,B1
4408,C2
4409,C1
4410,A1
4411,A2
4412,B1
4413,B2
4414,B2
4415,B2
4416,B2
4417,B2
4418,C2
4419,A1
4420,C2
4421,B2
4422,A1
4423,B2
4424,C2
4425,A2
4426,A2
4427,B1
4428,B2
4429,B2
4430,B2
4431,B1
4432,A1
4433,A2
4434,B2
4435,B2
4436,A2
4437,A2
4438,A1
4439,B2
4440,A1
4441,C2
4442,A1
4443,C1
4444,B1
4445,C1
4446,A2
4447,C2
4448,B1
4449,C1
4450,B1
4451,A2
4452,C2
4453,C1
4454,B1
4455,B1
4456,B1
4457,A2
4458,B2
4459,B2
4460,A1
4461,C2
4462,C1
4463,C2
4464,A1
4465,B1
4466,A1
4467,A1
4468,C1
4469,C2
4470,B2
4471,C2
4472,A1
4473,A1
4474,B1
4475,B1
4476,B1
4477,A1
4478,A1
4479,B2
4480,A1
4481,C1
4482,A1
4483,B1
4484,A2
4485,A1
4486,A2
4487,C2
4488,C1
4489,C2
4490,B1
4491,B1
4492,B1
4493,A2
4494,B1
4495,C1
4496,C1
4497,A2
4498,B1
4499,B1
4500,C2
4501,C1
4502,C1
4503,A1
4504,C1
4505,A2
4506,B1
4507,A1
4508,C1
4509,C1
4510,B2
4511,C2
4512,B1
4513,C1
4514,C2
4515,A2
4516,A2
4517,B2
4518,A1
4519,B1
4520,C2
4521,B2
4522,B1
4523,A2
4524,B1
4525,A1
4526,C2
4527,A2
4528,A1
4529,C1
4530,A2
4531,B2
4532,B1
4533,B2
4534,C2
4535,A2
4536,B2
4537,B1
4538,B2
4539,B1
4540,C2
4541,B2
4542,C1
4543,C2
4544,A1
4545,C1
4546,A2
4547,B1
4548,C2
4549,B2
4550,C1
4551,B1
4552,B1
4553,A2
4554,B1
4555,C1
4556,C1
4557,A1
4558,A2
4559,C2
4560,A2
4561,C2
4562,A1
4563,C1
4564,A2
4565,C2
4566,B2
4567,A1
4568,B2
4569,B2
4570,A1
4571,B1
4572,A1
4573,A1
4574,A2
4575,C1
4576,C2
4577,A1
4578,B2
4579,A1
4580,B2
4581,C2
4582,A1
4583,A1
4584,B2
4585,A1
4586,C1
4587,C2
4588,B1
4589,B2
4590,B1
4591,C1
4592,C2
4593,B1
4594,A1
4595,B1
4596,C1
4597,C1
4598,A2
4599,A2
4600,C2
4601,A1
4602,A2
4603,A2
4604,C1
4605,B1
4606,C2
4607,B1
4608,B1
4609,C1
4610,A1
4611,C1
4612,C1
4613,B2
4614,A1
4615,B2
4616,A2
4617,C1
4618,B1
4619,C2
4620,C1
4621,C1
4622,B1
4623,A1
4624,A2
4625,C2
4626,B1
4627,A1
4628,A1
4629,C2
4630,A1
4631,C1
4632,B1
4633,B2
4634,B2
4635,C1
4636,B1
4637,A1
4638,A1
4639,C1
4640,A1
4641,C1
4642,B2
4643,A1
4644,A2
4645,C1
4646,C1
4647,B2
4648,B1
4649,B1
4650,A1
4651,C1
4652,A2
4653,B1
4654,A1
4655,C1
4656,B1
4657,A2
4658,B2
4659,C1
4660,B2
4661,B1
4662,B1
4663,B2
4664,B1
4665,A1
4666,C2
4667,A2
4668,A1
4669,C1
4670,C2
4671,B1
4672,C2
4673,C2
4674,C1
4675,B1
4676,B1
4677,B2
4678,A1
4679,C1
4680,A1
4681,C1
4682,B1
4683,C1
4684,B1
4685,B2
4686,B1
4687,B2
4688,A2
4689,B1
4690,B1
4691,C2
4692,C1
4693,A2
4694,B1
4695,B2
4696,C1
4697,C2
4698,B1
4699,C1
4700,C2
4701,C1
4702,C1
4703,B2
4704,C1
4705,B1
4706,A2
4707,B2
4708,C2
4709,C1
4710,B2
4711,C2
4712,A1
4713,A1
4714,A2
4715,B1
4716,C2
4717,C2
4718,C1
4719,C2
4720,B1
4721,A2
4722,C2
4723,C2
4724,C1
4725,B1
4726,B2
4727,A2
4728,B1
4729,C1
4730,B1
4731,C2
4732,C1
4733,C2
4734,C1
4735,C2
4736,A1
4737,A2
4738,C2
4739,A1
4740,A2
4741,B2
4742,C1
4743,A1
4744,A2
4745,B2
4746,A1
4747,B1
4748,C2
4749,C1
4750,B1
4751,C2
4752,C1
4753,B1
4754,C1
4755,B2
4756,A2
4757,B1
4758,A1
4759,C1
4760,B2
4761,C1
4762,B2
4763,B2
4764,A1
4765,B2
4766,A2
4767,A2
4768,B1
4769,C1
4770,A2
4771,C2
4772,B2
4773,B2
4774,C1
4775,A1
4776,C1
4777,C1
4778,A1
4779,C2
4780,B2
4781,B2
4782,C2
4783,A1
4784,B2
4785,B1
4786,A1
4787,B2
4788,A1
4789,A2
4790,A1
4791,B1
4792,C1
4793,C1
4794,C1
4795,B2
4796,C1
4797,B1
4798,C1
4799,C2
